Uniprot_ID,log2 Fold Change,P.Value
H7C6C1,-0.520210623,0.555359266
H7C6C3,0.079800691,0.701427287
H7C6C4,1.043356446,0.025370698
H7C6C7,0.587391013,0.527364144
H7C6D0,-0.073510381,0.87908462
H7C6D1,1.095316923,0.234342826
H7C7J6,-0.064851732,0.674609645
H7C7J7,0.281090459,0.310852623
H7C7J8,0.292192927,0.907652562
H7C7K2,1.020473606,0.040464692
H7C7K3,0.300176234,0.753080158
O24748,0.799808052,0.091514977
O31139,0.195831065,0.472509041
O52377,0.070276372,0.925102991
O68602,0.231610247,0.463332623
O68640,1.57800612,0.025370698
O69043,0.657593808,0.141970505
O69282,1.101146107,0.123121241
O85175,0.347179916,0.608396779
O85176,0.065567207,0.819584357
O87330,0.417606542,0.600775131
O87331,0.107423362,0.342328131
O88101,0.108700389,0.722883197
P04964,-0.621056259,0.138785284
P06557,1.11740964,0.026563485
P06558,1.785379574,0.064405651
P06559,1.032395656,0.070889803
P06560,0.775046572,0.127827405
P06561,0.339804328,0.502456564
P06562,1.138933841,0.033811596
P07128,0.993104264,0.039616034
P08499,0.364303801,0.481760108
P09890,0.95327704,0.152706946
P0C1D8,0.40730495,0.238135251
P0C1E0,0.200678583,0.633973451
P0C1E2,0.422038427,0.279057592
P0C1E4,0.045238137,0.863783952
P0C1E6,0.196509437,0.600775131
P0C1E8,-0.224363718,0.325378153
P0C543,-0.462163204,0.339281355
P0C544,0.356022118,0.238135251
P0DJB1,2.080656796,0.780111082
P10341,-0.237678339,0.307176977
P12880,-0.45391427,0.258773919
P19537,-0.374335636,0.194043225
P19583,0.054647674,0.80796967
P19808,0.456918263,0.636653556
P23669,0.308224123,0.270850452
P26512,0.475370077,0.17814274
P31026,0.234871588,0.631236537
P35170,0.341749326,0.223933164
P35868,0.867307345,0.073799131
P38118,0.690540106,0.342328131
P38376,0.595916549,0.291828007
P40110,-0.243051584,0.59742628
P40111,-0.186631278,0.732910923
P42439,0.120632073,0.758924925
P42442,-0.768130681,0.085378213
P42449,3.831748209,0.04395298
P42450,2.761110734,0.025370698
P42455,-0.407509295,0.040464692
P42457,0.438637992,0.093999778
P42458,-0.611468316,0.716069612
P42461,0.537847258,0.481121787
P42463,0.992340228,0.070291844
P42464,-0.960478605,0.060491572
P42531,1.719567538,0.23212589
P48242,0.38244422,0.370275828
P48243,0.199417314,0.625936653
P48244,0.444572999,0.141970505
P48245,0.426539669,0.261328305
P49973,0.038280309,0.958870882
P50216,-0.253599345,0.258773919
P53532,0.08830948,0.673787379
P54122,0.503722277,0.218989698
P58893,-0.205959701,0.547730872
P58897,-0.031308217,0.925102991
P58939,-0.68650224,0.133127155
P58946,0.054507874,0.817489133
P58998,0.814674303,0.123121241
P59004,0.225650287,0.301995614
P59011,1.230009309,0.040464692
P61173,-0.455103709,0.708876686
P66326,0.038822286,0.956682012
P66455,0.215414704,0.833918989
P66482,-0.026798641,0.956682012
P71121,0.096140646,0.781271842
P77844,2.394217675,0.025377262
P77845,1.929016562,0.056088012
P82134,1.179002168,0.025370698
P94335,0.034330484,0.949588111
P94336,0.271593775,0.708876686
P94337,0.054635453,0.823904257
P94338,0.410859384,0.163957518
P94631,0.918668266,0.064405651
P94632,-0.045907575,0.939622202
Q01651,0.284315772,0.477163939
Q01655,-0.145997811,0.611528777
Q04513,0.299792433,0.456054311
Q45288,0.084220865,0.835933624
Q45291,-0.797425128,0.273691541
Q46065,0.265972437,0.683369644
Q46072,-0.214304116,0.458010033
Q46078,-0.128417548,0.644751059
Q57179,0.576624269,0.141970505
Q59200,0.041709894,0.94881978
Q59279,0.770984292,0.026563485
Q59280,0.558320286,0.383973813
Q59281,0.547564711,0.169958827
Q59282,0.406743608,0.100104381
Q59283,0.722031933,0.120171827
Q59284,0.520635911,0.152706946
Q6M1C1,-0.082768022,0.926363621
Q6M259,-0.136435276,0.823904257
Q6M2E8,2.788001021,0.665013328
Q6M2F0,0.208068302,0.53462051
Q6M4B7,0.475718153,0.418951668
Q6M6E7,0.446723844,0.152706946
Q6M6N7,-0.248453555,0.55309912
Q6M6W5,1.09367491,0.512880219
Q6M8W7,0.305290014,0.692189481
Q6M8X7,0.69972478,0.070291844
Q79VC5,-0.562935527,0.681146999
Q79VD1,0.578209515,0.521839148
Q79VD6,-0.058749493,0.86722458
Q79VD7,0.098124664,0.822283938
Q79VD9,0.648925895,0.141970505
Q79VE0,0.688724615,0.15341744
Q79VE1,-0.116937226,0.493741825
Q79VE2,0.046774353,0.869419322
Q79VE3,0.311891216,0.331845961
Q79VE5,0.25963719,0.352397617
Q79VE6,-0.50733268,0.272783037
Q79VE8,0.246073673,0.446917861
Q79VE9,0.179494029,0.345299938
Q79VF2,0.426939653,0.381763529
Q79VF3,-1.194474087,0.02640725
Q79VF5,0.208163567,0.857192986
Q79VF6,0.240715039,0.755135394
Q79VF7,0.128188569,0.828038442
Q79VG1,-0.556797874,0.088819996
Q79VG3,1.002620376,0.161344237
Q79VG4,1.420439988,0.02640725
Q79VG6,-0.960553493,0.099963387
Q79VG7,-1.236562762,0.049369853
Q79VG9,-1.164284837,0.321773792
Q79VH1,0.510184483,0.658352081
Q79VH2,0.274074014,0.368226262
Q79VH8,0.464297245,0.128182716
Q79VI1,-0.047872479,0.911168397
Q79VI2,0.617904425,0.085057152
Q79VI4,-0.727631774,0.064405651
Q79VI7,0.644952044,0.096313761
Q79VI8,-2.761472478,0.311109918
Q79VJ1,-1.232739103,0.279057592
Q79VJ3,-0.479584178,0.508991763
Q79VJ4,-0.897781104,0.662319397
Q7DIC8,-0.93537138,0.328463755
Q8NL51,0.640588703,0.307176977
Q8NL52,0.111864272,0.838920525
Q8NL53,0.055149344,0.813379348
Q8NL54,-0.225493157,0.503233977
Q8NL55,-0.214937688,0.395286817
Q8NL56,-0.279917837,0.708876686
Q8NL57,-0.243656523,0.55443716
Q8NL58,-0.005016193,0.987055217
Q8NL59,-0.609162128,0.204113974
Q8NL61,0.080955432,0.950946079
Q8NL62,2.004879396,0.46760169
Q8NL63,1.849281746,0.456054311
Q8NL64,0.400867776,0.264298512
Q8NL65,-0.674802655,0.345003979
Q8NL68,0.514061149,0.569427818
Q8NL70,0.244411949,0.381763529
Q8NL72,0.75088776,0.116738178
Q8NL73,-0.735504871,0.211796713
Q8NL74,-0.070264265,0.86722458
Q8NL78,0.582922714,0.148851918
Q8NL80,-1.277312093,0.125218244
Q8NL82,-0.210605373,0.681146999
Q8NL87,-1.429884052,0.331845961
Q8NL89,-0.865953797,0.646266786
Q8NL91,-0.474551548,0.461438302
Q8NL92,-0.290918613,0.681761088
Q8NL93,0.598242921,0.538352037
Q8NL95,-0.056191863,0.92165488
Q8NL96,-0.541799928,0.467415773
Q8NL97,-0.859960804,0.099963387
Q8NLA2,0.978496414,0.148851918
Q8NLA4,0.04089002,0.946509119
Q8NLA6,1.285467164,0.723401046
Q8NLA7,-0.412129862,0.373054683
Q8NLA8,-0.129484748,0.875645134
Q8NLA9,0.415490601,0.714273303
Q8NLB0,0.149515706,0.791485497
Q8NLB1,-0.352562776,0.130291628
Q8NLB2,-0.197105393,0.679589676
Q8NLB4,-0.529279332,0.62329773
Q8NLB5,0.462298093,0.53462051
Q8NLC0,0.076549012,0.736453576
Q8NLC1,-0.149267283,0.70705555
Q8NLC4,0.253550294,0.625936653
Q8NLD0,-0.632708512,0.166194601
Q8NLD1,-0.514045466,0.137095578
Q8NLD4,0.193763808,0.551395781
Q8NLD5,-2.532728125,0.040464692
Q8NLD8,-0.436465077,0.082961603
Q8NLD9,0.167264295,0.615971816
Q8NLE2,0.6345369,0.278859964
Q8NLE3,0.442531744,0.269050678
Q8NLE4,-0.220988189,0.386916138
Q8NLE6,0.490656451,0.248273826
Q8NLE7,0.414117718,0.92867889
Q8NLE8,-0.642113671,0.805752693
Q8NLF0,-0.064926794,0.939849236
Q8NLF1,-0.522620842,0.272783037
Q8NLF2,0.424011964,0.710499244
Q8NLF3,0.15103197,0.85315168
Q8NLF4,0.173998638,0.279057592
Q8NLF6,-0.111461671,0.658352081
Q8NLF7,-0.640659037,0.682607533
Q8NLF9,0.500648765,0.099963387
Q8NLG0,1.093232656,0.231381684
Q8NLG1,-0.040093263,0.958870882
Q8NLG2,-0.343785493,0.298334191
Q8NLG3,0.588704085,0.127367037
Q8NLG4,0.036424079,0.950946079
Q8NLG5,-0.253532128,0.614845176
Q8NLG6,-1.031954606,0.338961312
Q8NLH1,-1.186083294,0.181479414
Q8NLH5,0.741358876,0.420973464
Q8NLH7,0.105574825,0.247827293
Q8NLI0,0.308462701,0.477163939
Q8NLI1,1.021129582,0.223976186
Q8NLI2,0.931879589,0.040464692
Q8NLJ3,0.395508561,0.192932852
Q8NLJ4,0.394411292,0.102551994
Q8NLJ5,0.322387295,0.700365293
Q8NLJ7,-1.354809235,0.244211987
Q8NLJ8,-0.122891623,0.771893685
Q8NLJ9,0.336889308,0.232944716
Q8NLK1,0.337368799,0.573854784
Q8NLK2,-3.507436779,0.519068054
Q8NLK3,-0.487683386,0.602306546
Q8NLK5,-1.017322767,0.245974529
Q8NLK6,-1.739834055,0.261328305
Q8NLK7,0.138154314,0.741781161
Q8NLK8,-1.074221224,0.555421464
Q8NLL0,0.070937247,0.514278312
Q8NLL1,0.204259282,0.946682313
Q8NLL4,1.012259242,0.723401046
Q8NLL5,-0.621917399,0.142598794
Q8NLL8,-0.61822028,0.372266845
Q8NLM3,-1.271892281,0.099963387
Q8NLM5,0.189283961,0.870463763
Q8NLM6,0.000340873,0.999172857
Q8NLM7,0.269879478,0.338181676
Q8NLM8,0.128131173,0.957650839
Q8NLM9,0.965088978,0.527364144
Q8NLN0,-0.974089275,0.033811596
Q8NLN1,-0.478193051,0.172388368
Q8NLN3,-1.098705362,0.331845961
Q8NLN4,-0.070125908,0.794652892
Q8NLN6,-0.851902971,0.164479876
Q8NLN8,-0.196056646,0.870463763
Q8NLP0,-1.239532089,0.539037479
Q8NLP1,-0.56031831,0.573854784
Q8NLP3,-0.253201196,0.793270482
Q8NLP4,0.336640601,0.511689138
Q8NLP5,0.263885846,0.278859964
Q8NLP6,0.217639105,0.23212589
Q8NLP7,-0.165083973,0.550012642
Q8NLP8,-0.489062858,0.495535559
Q8NLP9,0.179809073,0.514188791
Q8NLQ0,0.500578436,0.199206564
Q8NLQ1,0.172651127,0.545054311
Q8NLQ2,-0.251308359,0.613231666
Q8NLQ6,-0.327865827,0.386916138
Q8NLQ7,0.168209976,0.342328131
Q8NLQ8,-0.187354453,0.868938097
Q8NLQ9,-0.058422022,0.932796718
Q8NLR0,0.825004855,0.77776106
Q8NLR1,0.210216968,0.795419288
Q8NLR4,0.76615172,0.190517928
Q8NLR5,-0.038271443,0.953782148
Q8NLR6,0.557452849,0.052272369
Q8NLR7,0.239034401,0.255600901
Q8NLR8,0.43455804,0.232944716
Q8NLS0,0.428543781,0.742587219
Q8NLS1,0.188543637,0.72029722
Q8NLS2,0.516699938,0.345299938
Q8NLS3,0.475041224,0.259652514
Q8NLS6,-0.171272927,0.562527802
Q8NLS7,0.035069111,0.970938556
Q8NLS9,0.003689257,0.993428367
Q8NLT4,0.213004831,0.643940831
Q8NLT5,0.219506331,0.826514425
Q8NLT6,-0.464313267,0.208829786
Q8NLT9,0.192005884,0.2755091
Q8NLU0,-0.147928742,0.614718871
Q8NLU1,-0.298937243,0.500482464
Q8NLU2,0.640085948,0.167298087
Q8NLU7,-0.259344112,0.258773919
Q8NLU8,-0.164967629,0.866181236
Q8NLU9,1.775707995,0.516348692
Q8NLV0,1.28810155,0.052064356
Q8NLV1,0.138460152,0.81018683
Q8NLV2,-0.280839915,0.857192986
Q8NLV5,-0.211533146,0.557990122
Q8NLV6,-1.49285987,0.222294322
Q8NLV7,-0.382248759,0.342328131
Q8NLV9,-1.215708185,0.040464692
Q8NLW0,-0.865194132,0.278859964
Q8NLW5,-0.06262866,0.959930198
Q8NLW7,0.290846463,0.55309912
Q8NLW8,0.409326273,0.490644455
Q8NLW9,0.572153081,0.125218244
Q8NLX0,0.308512573,0.305945971
Q8NLX1,-0.260603817,0.437339755
Q8NLX2,-0.071085632,0.746408866
Q8NLX4,0.299289239,0.726663283
Q8NLX9,2.340044174,0.056229237
Q8NLY0,-1.20975166,0.701631772
Q8NLY1,-2.391407209,0.559327871
Q8NLY2,-0.935198764,0.212393709
Q8NLY3,-1.554738367,0.343918704
Q8NLY4,-0.748893906,0.503233977
Q8NLY5,0.481021428,0.207209133
Q8NLY6,-0.195810969,0.650347128
Q8NLY8,0.441667205,0.099963387
Q8NLY9,0.620496418,0.644489384
Q8NLZ0,0.230280484,0.712039616
Q8NLZ3,0.196559118,0.349451014
Q8NLZ4,0.369804294,0.908187083
Q8NLZ6,0.111046416,0.726663283
Q8NM01,0.423381321,0.386916138
Q8NM02,-0.871881269,0.546214481
Q8NM04,0.151389841,0.701427287
Q8NM08,-0.136566334,0.86722458
Q8NM09,0.208085308,0.866181236
Q8NM10,-1.580504099,0.689635254
Q8NM11,0.102975966,0.805084532
Q8NM12,1.122620966,0.437339755
Q8NM13,0.042438505,0.899517464
Q8NM15,-0.404217737,0.817229929
Q8NM16,0.293814924,0.192932852
Q8NM18,0.698401486,0.468504984
Q8NM22,-1.117132381,0.488211594
Q8NM23,0.377510859,0.352349352
Q8NM26,0.243485506,0.956682012
Q8NM27,0.196054544,0.753080158
Q8NM28,0.257457957,0.386916138
Q8NM29,-0.681307693,0.305622501
Q8NM30,0.292352344,0.789679587
Q8NM31,0.278510306,0.700365293
Q8NM32,-1.751426273,0.342329523
Q8NM33,-0.914603341,0.268097527
Q8NM35,-0.969564981,0.204113974
Q8NM39,0.28239013,0.52721637
Q8NM40,0.819030911,0.386916138
Q8NM41,0.678988628,0.451606462
Q8NM43,-0.18549828,0.865611747
Q8NM44,0.477359365,0.223976186
Q8NM45,0.321594602,0.503233977
Q8NM46,0.535836295,0.658946801
Q8NM48,0.166159489,0.933220827
Q8NM49,0.571742275,0.541660481
Q8NM51,-0.347547055,0.511689138
Q8NM54,-0.302802242,0.118221919
Q8NM55,-0.721325429,0.708440924
Q8NM56,-0.234742125,0.634707635
Q8NM57,-0.416960385,0.141970505
Q8NM58,-1.243276307,0.150522578
Q8NM59,-1.182777073,0.12942296
Q8NM60,-1.708061807,0.134651153
Q8NM61,-0.787317213,0.152706946
Q8NM62,-0.529751219,0.152706946
Q8NM63,-0.136517913,0.866181236
Q8NM64,-0.252226517,0.456054311
Q8NM65,-0.121893645,0.631236537
Q8NM66,-1.575377466,0.342328131
Q8NM67,-0.427981702,0.544620506
Q8NM68,0.75297749,0.161021202
Q8NM69,-0.908420094,0.249837375
Q8NM70,0.191373594,0.503233977
Q8NM73,0.009695599,0.984883888
Q8NM74,-0.225056476,0.825382701
Q8NM75,-0.605228159,0.305661908
Q8NM79,0.130202862,0.786599593
Q8NM80,0.866161041,0.451606462
Q8NM82,0.528074905,0.386916138
Q8NM84,0.646639736,0.394030241
Q8NM85,0.223735761,0.646369268
Q8NM86,0.259325226,0.803447884
Q8NM87,0.007333038,0.984340097
Q8NM88,-0.274762476,0.663540927
Q8NM89,0.300202182,0.518149235
Q8NM90,-0.539788339,0.300689176
Q8NM91,-0.003427853,0.998060879
Q8NM92,-0.468951717,0.170306235
Q8NM94,-1.238853454,0.099963387
Q8NM95,-0.361024585,0.55443716
Q8NM96,-0.492680527,0.270850452
Q8NM99,-0.480842998,0.330699041
Q8NMA0,-0.374085566,0.398028021
Q8NMA1,0.854833771,0.61653492
Q8NMA4,-0.740085635,0.340504039
Q8NMA8,1.43305889,0.031119286
Q8NMB0,-0.784233673,0.096049043
Q8NMB1,-0.24156741,0.786216301
Q8NMB2,-0.162723765,0.767270531
Q8NMB3,-0.441730559,0.741781161
Q8NMB4,0.446699304,0.223976186
Q8NMB5,1.216171789,0.597618342
Q8NMB6,-0.029774997,0.946509119
Q8NMB7,-0.152265559,0.53462051
Q8NMB8,-0.101460732,0.741781161
Q8NMB9,0.146282868,0.868938097
Q8NMC6,1.455660984,0.142598794
Q8NMC7,-1.169355419,0.152706946
Q8NMD0,-0.884844162,0.582808857
Q8NMD1,0.156764874,0.870047977
Q8NMD2,0.675398583,0.410209224
Q8NMD3,0.000498269,0.999172857
Q8NMD4,0.226566545,0.349451014
Q8NMD5,-0.620223,0.087214626
Q8NMD6,-3.172789794,0.070889803
Q8NMD7,0.82384859,0.033811596
Q8NMD8,-0.087439878,0.905704651
Q8NME8,-1.343572544,0.040464692
Q8NME9,-0.374012551,0.530624571
Q8NMF0,0.675722904,0.068658778
Q8NMF1,-0.508890958,0.253528853
Q8NMF2,-0.182278195,0.819558346
Q8NMF3,-0.471957457,0.343918704
Q8NMF4,-0.065376021,0.905704651
Q8NMF5,-0.550480338,0.781271842
Q8NMF6,-0.507531644,0.223976186
Q8NMF7,0.849187672,0.228260728
Q8NMF8,0.87917584,0.302146031
Q8NMG1,-2.366958993,0.123121241
Q8NMG3,-0.071693783,0.912806366
Q8NMG5,0.269987463,0.339405471
Q8NMG6,0.585998564,0.6616708
Q8NMG7,-0.73839856,0.372266845
Q8NMG8,0.848747187,0.080604685
Q8NMG9,0.362693225,0.652389166
Q8NMH2,-0.104053547,0.866181236
Q8NMH3,0.160986504,0.669109317
Q8NMH4,0.390071253,0.446917861
Q8NMH5,0.127600612,0.387885664
Q8NMH6,0.484204796,0.152457664
Q8NMH7,-0.419501902,0.18449352
Q8NMI2,-0.283337209,0.498442155
Q8NMI3,-0.768808023,0.091514977
Q8NMI4,-0.3983511,0.211796713
Q8NMI5,-0.550763988,0.070492478
Q8NMI6,0.17211859,0.909485106
Q8NMI7,0.027649429,0.904323011
Q8NMI8,0.313522061,0.495535559
Q8NMI9,0.461238464,0.235757648
Q8NMJ0,0.053264475,0.899517464
Q8NMJ1,-0.637655061,0.6616708
Q8NMJ2,0.132718444,0.568539492
Q8NMJ3,-0.791667666,0.169958827
Q8NMJ4,0.774784184,0.129918422
Q8NMJ5,0.513515527,0.258773919
Q8NMJ6,-0.105615537,0.541660481
Q8NMJ7,0.320955531,0.325378153
Q8NMJ8,-0.889055445,0.180576867
Q8NMJ9,-1.353936013,0.543456319
Q8NMK0,-3.078217139,0.467415773
Q8NMK1,-0.53996526,0.297078056
Q8NMK2,0.618912044,0.278859964
Q8NMK3,0.649714336,0.148851918
Q8NMK4,0.010120395,0.970994924
Q8NMK5,-0.109628648,0.936187989
Q8NMK6,-1.478531129,0.026686001
Q8NMK8,-4.845846746,0.098022462
Q8NMK9,-0.440993271,0.386302635
Q8NML0,0.492630827,0.512535214
Q8NML1,0.032163642,0.894875996
Q8NML3,0.195175572,0.828038442
Q8NML4,0.407254084,0.172333795
Q8NML5,-0.086250475,0.674933845
Q8NMM0,0.18089177,0.16672465
Q8NMM1,0.29186118,0.700851339
Q8NMM2,-4.288105011,0.207209133
Q8NMM7,-1.115015771,0.515487655
Q8NMN0,-0.624278425,0.179027913
Q8NMN1,-0.234791324,0.801107983
Q8NMN2,-0.399433789,0.205015178
Q8NMN3,-0.174703763,0.515906496
Q8NMN4,-0.391809867,0.205015178
Q8NMN5,0.141862486,0.755135394
Q8NMN7,0.484418185,0.096049043
Q8NMP1,0.348402178,0.409427605
Q8NMP2,0.697697541,0.044028076
Q8NMP4,-0.690119126,0.122388796
Q8NMP5,0.829342081,0.23212589
Q8NMP6,-1.091100259,0.205537908
Q8NMP9,0.561605233,0.174955817
Q8NMQ0,-0.823601678,0.170561877
Q8NMQ1,0.40439231,0.312662182
Q8NMQ2,-0.139276381,0.580242662
Q8NMQ3,-1.244761726,0.241980178
Q8NMQ5,0.614899623,0.189790448
Q8NMQ6,0.960057134,0.190768283
Q8NMQ7,0.872218089,0.064405651
Q8NMR0,-0.052515936,0.98427057
Q8NMR4,0.432636779,0.580776168
Q8NMR5,0.22288474,0.598777506
Q8NMR6,0.37202445,0.252523771
Q8NMR7,0.179125269,0.524068327
Q8NMS0,0.504069402,0.224081884
Q8NMS4,-0.625068433,0.199092588
Q8NMS5,0.557988731,0.23212589
Q8NMS6,0.302204056,0.170561877
Q8NMS7,0.546479329,0.137095578
Q8NMS8,-0.281314009,0.427138108
Q8NMT0,0.365753229,0.63440738
Q8NMT3,0.071726531,0.856500882
Q8NMT9,-0.063417027,0.931219029
Q8NMU1,0.257730791,0.321227071
Q8NMU2,-0.158332337,0.608625491
Q8NMU3,-0.416825365,0.322587319
Q8NMU4,-0.171943041,0.747211561
Q8NMV1,-0.198957696,0.500482464
Q8NMV2,-0.512718482,0.726495469
Q8NMV3,-0.109610628,0.53462051
Q8NMV4,0.099174214,0.87908462
Q8NMV5,0.062501307,0.84752298
Q8NMV6,-0.346741769,0.600775131
Q8NMV8,0.785827248,0.676142859
Q8NMW0,-0.063972714,0.72029722
Q8NMW3,0.009907918,0.969103668
Q8NMW4,-0.391910935,0.458949134
Q8NMW6,0.659881376,0.307176977
Q8NMW7,-0.255210208,0.652569919
Q8NMW8,0.599295981,0.172333795
Q8NMW9,0.208888609,0.305622501
Q8NMX2,-0.782693311,0.371768945
Q8NMX3,0.197870023,0.863783952
Q8NMX4,0.695281593,0.167298087
Q8NMX5,1.243600218,0.704222637
Q8NMX7,0.191063078,0.486130138
Q8NMX8,-0.096627429,0.708876686
Q8NMY0,-0.714364672,0.570685535
Q8NMY4,0.229104332,0.674609645
Q8NMY5,-0.919775015,0.736555239
Q8NMY7,-0.6906115,0.064405651
Q8NMY8,0.002528759,0.994116244
Q8NMZ0,0.301224179,0.279057592
Q8NMZ1,-0.517711385,0.175023773
Q8NMZ5,0.179863886,0.874429552
Q8NMZ8,2.457729833,0.040464692
Q8NMZ9,0.130894109,0.834350356
Q8NN01,1.070768506,0.064405651
Q8NN02,0.714310404,0.170561877
Q8NN05,0.136655827,0.931800799
Q8NN11,-0.494333019,0.331845961
Q8NN12,-0.303248573,0.179988651
Q8NN13,-0.171423127,0.838920525
Q8NN15,0.403733806,0.518149235
Q8NN16,0.332822347,0.682607533
Q8NN17,0.3306286,0.52721637
Q8NN18,0.365793467,0.204113974
Q8NN19,-0.415599105,0.350331087
Q8NN20,-0.160744523,0.736555239
Q8NN21,-0.838355905,0.232507478
Q8NN22,-0.779684595,0.755135394
Q8NN23,0.463300483,0.124779539
Q8NN24,0.058678301,0.868938097
Q8NN25,0.701257932,0.228028496
Q8NN26,-0.925618023,0.159907076
Q8NN31,1.166161524,0.386594908
Q8NN32,-0.041074589,0.929343092
Q8NN33,-0.095431623,0.780381622
Q8NN34,0.703284397,0.378514696
Q8NN35,0.591571748,0.266480382
Q8NN37,-0.18884106,0.62329773
Q8NN38,-0.256383106,0.219768627
Q8NN39,-0.077263636,0.956682012
Q8NN40,-0.190250669,0.899517464
Q8NN41,0.359920417,0.385792182
Q8NN42,-1.116716176,0.527137333
Q8NN43,0.54430967,0.192177775
Q8NN44,-0.341553359,0.600775131
Q8NN48,0.584956233,0.794877168
Q8NN49,-0.388600194,0.138785284
Q8NN50,0.305662896,0.332228237
Q8NN51,0.027751885,0.931219029
Q8NN53,0.041985076,0.910550861
Q8NN54,-0.203686557,0.614311149
Q8NN55,-1.397202392,0.147452866
Q8NN57,2.19576482,0.148851918
Q8NN58,0.210207957,0.899036129
Q8NN59,0.587864779,0.350331087
Q8NN60,0.161246386,0.597618342
Q8NN63,-0.429521992,0.840031419
Q8NN64,0.018176892,0.958589466
Q8NN66,-0.190438418,0.60108013
Q8NN67,0.691448574,0.73768712
Q8NN68,0.200343361,0.443029622
Q8NN72,-0.844983337,0.082858014
Q8NN74,-0.333712568,0.835933624
Q8NN75,0.671030428,0.557015068
Q8NN78,0.05976037,0.620168778
Q8NN80,0.493817348,0.775334515
Q8NN81,-0.443328101,0.711098716
Q8NN82,0.150432693,0.834689805
Q8NN83,-0.812573485,0.438564636
Q8NN85,-0.628500764,0.451606462
Q8NN86,0.000373887,0.999402385
Q8NN90,0.155747676,0.75924086
Q8NN91,-0.229810268,0.863140545
Q8NN94,-0.257743598,0.443029622
Q8NN95,0.13944462,0.854214494
Q8NN96,0.094375378,0.92165488
Q8NN99,0.124388625,0.930489335
Q8NNA0,0.127756196,0.498442155
Q8NNA1,-0.255964199,0.615971816
Q8NNA2,0.013874944,0.985789279
Q8NNA3,-0.799894761,0.169958827
Q8NNA6,-0.794184061,0.635139931
Q8NNA7,-0.08258816,0.681146999
Q8NNA8,0.170070077,0.608185587
Q8NNA9,1.096479585,0.542291209
Q8NNB0,-1.454014239,0.44700913
Q8NNB1,0.265732454,0.697988371
Q8NNB2,0.197834372,0.665013328
Q8NNB3,0.433772872,0.15341744
Q8NNB4,0.980912792,0.064405651
Q8NNB5,0.707621121,0.191760784
Q8NNB6,-0.341241872,0.127886103
Q8NNB8,-2.431374798,0.446650486
Q8NNB9,0.197447064,0.628041671
Q8NNC0,-0.953680354,0.780381622
Q8NNC1,1.004301838,0.219768627
Q8NNC2,3.220251062,0.219297931
Q8NNC4,0.746467877,0.21074505
Q8NNC5,1.112153292,0.033811596
Q8NNC6,0.380937195,0.330699041
Q8NNC7,0.007878961,0.98732086
Q8NNC8,1.158905584,0.600775131
Q8NNC9,-0.173349916,0.866181236
Q8NND0,-0.248065359,0.683369644
Q8NND1,0.231704912,0.678516407
Q8NND3,0.106569377,0.835933624
Q8NND4,0.35608249,0.511689138
Q8NND5,-0.05930092,0.914615853
Q8NND6,-0.656293722,0.096313761
Q8NND7,-1.389885766,0.156129004
Q8NND8,0.005596475,0.979236906
Q8NNE0,0.944088073,0.789679587
Q8NNE5,0.576296098,0.798066466
Q8NNE6,0.914332572,0.557990122
Q8NNE7,-0.262722935,0.328463755
Q8NNE8,0.188958102,0.41392679
Q8NNE9,-0.100345257,0.866181236
Q8NNF0,-0.456262761,0.637754539
Q8NNF2,0.160793017,0.732541454
Q8NNF3,-0.202239645,0.614718871
Q8NNF4,0.112569278,0.828038442
Q8NNF5,-0.239467109,0.434887685
Q8NNF6,-0.349147707,0.258773919
Q8NNF8,-0.049864782,0.952267744
Q8NNG3,-0.385689265,0.797924793
Q8NNG4,-0.843646654,0.068637271
Q8NNG5,0.051953182,0.929343092
Q8NNG6,-0.508095325,0.270850452
Q8NNG7,0.13504295,0.625026982
Q8NNG9,-0.079968409,0.925423199
Q8NNH0,-0.453392039,0.166194601
Q8NNH1,-0.798438226,0.175493414
Q8NNH2,-0.047667982,0.899517464
Q8NNH4,0.078918288,0.884446888
Q8NNH5,-0.704101524,0.518149235
Q8NNH6,0.697341941,0.102183815
Q8NNI0,0.069701362,0.984883888
Q8NNI2,-0.822404453,0.275204369
Q8NNI3,-0.823082648,0.200980727
Q8NNI4,-0.087209182,0.698724799
Q8NNI5,-0.747226723,0.123121241
Q8NNI7,0.239139128,0.752938229
Q8NNI8,0.090673177,0.786216301
Q8NNI9,0.450332299,0.339405471
Q8NNJ0,-0.913669952,0.414749571
Q8NNJ1,0.434799545,0.222619985
Q8NNJ2,-0.100576515,0.844433751
Q8NNJ3,-0.321793118,0.773715858
Q8NNJ4,-0.504503002,0.133127155
Q8NNJ5,0.545752701,0.152706946
Q8NNJ8,0.00468892,0.987309354
Q8NNK0,0.515332485,0.217345694
Q8NNK1,-0.132449313,0.650347128
Q8NNK2,0.273736469,0.096140074
Q8NNK3,0.231824073,0.573854784
Q8NNK5,0.401737833,0.749417314
Q8NNK7,1.761927791,0.155574301
Q8NNK8,-0.37139695,0.209327272
Q8NNK9,0.209051946,0.305661908
Q8NNL3,0.809608222,0.109713478
Q8NNL4,-0.451664795,0.514278312
Q8NNL5,-0.364781942,0.272783037
Q8NNL8,0.281830355,0.278859964
Q8NNL9,0.544000129,0.170561877
Q8NNM1,0.038788244,0.960186938
Q8NNM2,0.51725274,0.174083211
Q8NNM3,0.543303904,0.241980178
Q8NNM5,-0.145152305,0.567156357
Q8NNM6,0.838719005,0.025370698
Q8NNM7,1.238108224,0.039616034
Q8NNM9,-0.368681293,0.753877999
Q8NNN0,0.312932311,0.454167724
Q8NNN1,0.271100603,0.238735808
Q8NNN2,-0.443412837,0.504012513
Q8NNN3,0.396045305,0.634158475
Q8NNN4,-0.287911827,0.767270531
Q8NNN5,-0.063462083,0.918340388
Q8NNN6,0.152968667,0.501264951
Q8NNN8,0.430234767,0.175023773
Q8NNP0,-0.069184185,0.746408866
Q8NNP4,2.112551896,0.181479414
Q8NNP5,0.212129836,0.63440738
Q8NNP6,-0.927475659,0.441656742
Q8NNP7,2.216785786,0.173263957
Q8NNP8,-0.253998249,0.584074436
Q8NNQ0,0.029695436,0.936187989
Q8NNQ3,-0.527159244,0.82580766
Q8NNQ4,0.437421411,0.123121241
Q8NNQ8,-0.489880372,0.25339622
Q8NNQ9,-0.441087272,0.255383747
Q8NNR1,-0.33133539,0.386117319
Q8NNR2,0.753591096,0.44700913
Q8NNR4,0.915289928,0.566493095
Q8NNR5,0.627932481,0.330699041
Q8NNR6,0.066985789,0.957650839
Q8NNR8,-0.000866622,0.999172857
Q8NNR9,-0.395937707,0.25880379
Q8NNS1,-0.305401611,0.183464723
Q8NNS3,0.655622448,0.096313761
Q8NNS5,-0.405656496,0.913169392
Q8NNS6,0.239376606,0.345299938
Q8NNS9,-0.427209698,0.696441422
Q8NNT0,-0.065723258,0.818852538
Q8NNT1,0.146292391,0.600775131
Q8NNT2,-0.14080148,0.658946801
Q8NNT4,0.83829607,0.423721467
Q8NNT5,0.114567183,0.81575099
Q8NNT8,0.077942164,0.775739911
Q8NNU0,-0.099843518,0.893962294
Q8NNU2,-0.092719385,0.899517464
Q8NNU8,0.207345312,0.762936936
Q8NNU9,0.016841027,0.929289959
Q8NNV0,0.180161679,0.555076374
Q8NNV1,-0.982319105,0.080604685
Q8NNV2,-0.121649024,0.865108717
Q8NNV3,-0.623665597,0.718734184
Q8NNV4,0.638538369,0.033811596
Q8NNV5,0.399450696,0.470496869
Q8NNV6,-0.098799308,0.718398628
Q8NNW3,0.615065262,0.650347128
Q8NNW4,-0.060643096,0.455533987
Q8NNW5,0.253026808,0.899036129
Q8NNW6,-0.510701444,0.225293382
Q8NNW8,-0.330760984,0.711098716
Q8NNW9,0.17709924,0.618767783
Q8NNX2,-0.556689374,0.616343494
Q8NNX3,0.151039914,0.871069494
Q8NNX4,0.280312983,0.446650486
Q8NNX5,0.414353481,0.456054311
Q8NNX6,0.935419774,0.339405471
Q8NNX7,-0.135637777,0.804510477
Q8NNX9,-0.68915448,0.544973745
Q8NNY4,-0.289108504,0.375344142
Q8NNY5,-4.094947026,0.087214626
Q8NNY6,-2.220025346,0.088262719
Q8NNY7,-1.579078416,0.375843319
Q8NNY8,-1.747401922,0.070492478
Q8NNY9,-1.817002284,0.05120347
Q8NNZ0,0.142104122,0.657949287
Q8NNZ2,0.814463116,0.472123043
Q8NNZ3,-0.38993708,0.527137333
Q8NNZ5,-0.870288432,0.447528998
Q8NNZ9,-0.499954398,0.541660481
Q8NP01,0.626013173,0.031119286
Q8NP02,-0.258733252,0.500482464
Q8NP03,0.254209078,0.261328305
Q8NP04,0.517494348,0.682607533
Q8NP06,-0.616647867,0.030190115
Q8NP07,-0.981388094,0.195297513
Q8NP08,-0.575613294,0.448965833
Q8NP09,0.234794645,0.636585038
Q8NP10,-0.053012318,0.918340388
Q8NP11,0.248336571,0.819800052
Q8NP12,-0.153145005,0.652511026
Q8NP16,-1.850098338,0.3295656
Q8NP17,-1.98920789,0.123121241
Q8NP18,0.3968461,0.325378153
Q8NP19,-0.144725044,0.708630592
Q8NP21,-0.640915305,0.472469368
Q8NP22,-1.064503518,0.335162033
Q8NP23,-0.47979034,0.141970505
Q8NP24,-1.177050444,0.093999778
Q8NP25,-0.12944118,0.844337158
Q8NP26,0.514744896,0.51179518
Q8NP27,0.234241361,0.543456319
Q8NP28,-0.075078979,0.826859552
Q8NP30,0.444195274,0.183671477
Q8NP31,0.549320991,0.183671477
Q8NP32,-1.17419532,0.120194135
Q8NP33,-0.673486407,0.269191925
Q8NP34,-1.082631426,0.156129004
Q8NP35,-0.752747758,0.09504079
Q8NP36,-1.191161746,0.334159325
Q8NP37,-0.105517694,0.795419288
Q8NP38,0.701949312,0.25880379
Q8NP39,0.913280455,0.400597697
Q8NP40,0.555164589,0.122018882
Q8NP41,0.836867676,0.064405651
Q8NP42,0.564331843,0.190335731
Q8NP44,0.143335607,0.862754401
Q8NP45,0.210910764,0.77776106
Q8NP46,0.171580342,0.477163939
Q8NP47,0.153726909,0.705691591
Q8NP48,-0.907068549,0.409427605
Q8NP49,0.17130173,0.736458466
Q8NP50,0.550666783,0.223976186
Q8NP51,-0.208330933,0.868938097
Q8NP52,-0.169741603,0.578400193
Q8NP53,0.046301462,0.957898995
Q8NP54,-0.420593512,0.303277938
Q8NP56,0.094741302,0.845517146
Q8NP58,-0.994908229,0.386916138
Q8NP60,-0.163323045,0.460217899
Q8NP62,-0.734477057,0.771893685
Q8NP64,-1.348718439,0.654836705
Q8NP65,-0.745292833,0.280417405
Q8NP67,-1.122208167,0.613231666
Q8NP68,-0.220218992,0.454167724
Q8NP71,0.422184899,0.663540927
Q8NP72,-0.369846733,0.541660481
Q8NP73,0.099863853,0.48209917
Q8NP74,-0.494317707,0.564002063
Q8NP75,-0.252201124,0.41392679
Q8NP76,0.881470307,0.091514977
Q8NP77,-0.660555045,0.258773919
Q8NP78,-0.262980968,0.447832803
Q8NP80,-2.377722581,0.070291844
Q8NP81,-0.9963845,0.059118034
Q8NP82,-2.972888784,0.565109347
Q8NP83,0.056147848,0.84752298
Q8NP84,0.81547614,0.156129004
Q8NP85,0.721648638,0.272783037
Q8NP86,0.50827324,0.267293816
Q8NP88,0.776880314,0.506791866
Q8NP89,-0.157417948,0.658352081
Q8NP90,-0.389751661,0.639099638
Q8NP91,0.136065572,0.854214494
Q8NP92,-0.244361709,0.254511142
Q8NP93,-1.070413072,0.181479414
Q8NP95,0.383312633,0.218989698
Q8NP96,0.25966131,0.775739911
Q8NP97,0.490382678,0.22141859
Q8NP98,0.743954173,0.514188791
Q8NP99,0.890117523,0.268097527
Q8NPA0,-0.496986021,0.502289365
Q8NPA2,-1.455466441,0.198802304
Q8NPA3,-0.040871201,0.951689916
Q8NPA4,0.078252407,0.704222637
Q8NPA5,0.385302589,0.350331087
Q8NPA6,-0.657162215,0.174083211
Q8NPA8,-0.279057308,0.760750562
Q8NPA9,0.183146427,0.741781161
Q8NPB0,-0.26204583,0.222294322
Q8NPB2,0.204743805,0.576656548
Q8NPB3,0.690391036,0.064405651
Q8NPB4,-0.590880974,0.070492478
Q8NPB5,0.27741346,0.354092676
Q8NPB6,0.31966417,0.573854784
Q8NPB7,-2.195315011,0.405382612
Q8NPB8,0.262675541,0.585101465
Q8NPG7,-0.318094474,0.871069494
Q8NPH2,-1.113068994,0.2377498
Q8NPH6,-3.232914107,0.141970505
Q8NPI1,1.61187085,0.04395298
Q8NPI2,0.866310651,0.302904519
Q8NPI8,0.799182594,0.615971816
Q8NPI9,-0.024254888,0.940209099
Q8NPJ0,-2.355682707,0.223800276
Q8NPJ2,-0.721799209,0.273021672
Q8NPJ3,-0.063547084,0.794652892
Q8NPJ8,0.313110942,0.340848464
Q8NPJ9,0.352463244,0.339281355
Q8NPK1,1.2561291,0.127367037
Q8NPK4,-0.594424202,0.86352631
Q8NPK6,-0.148535315,0.874429552
Q8NPK7,-0.747536361,0.573854784
Q8NPL2,0.013741978,0.984883888
Q8NPL3,0.447693266,0.658946801
Q8NPN1,-4.718940367,0.222822074
Q8NPN4,0.447293307,0.679589676
Q8NPN5,-0.818877041,0.223976186
Q8NPQ5,0.906167896,0.321227071
Q8NPR3,-0.389771967,0.681146999
Q8NPR5,-0.338964249,0.833814661
Q8NPT6,-0.395332115,0.380453479
Q8NPU3,-0.353433889,0.823904257
Q8NPV2,-0.376374864,0.620287545
Q8NPW3,-0.017204147,0.970938556
Q8NPW5,1.034420157,0.120688908
Q8NPW8,-0.056017573,0.969103668
Q8NPW9,-0.930488319,0.206016698
Q8NPX1,-4.815869203,0.218989698
Q8NPX3,-0.440867313,0.615354594
Q8NPX4,-0.899009069,0.169560506
Q8NPY2,-2.878475104,0.127367037
Q8NPY8,1.075092143,0.152706946
Q8NPY9,-0.790271174,0.192932852
Q8NPZ0,0.562397286,0.122018882
Q8NPZ1,-0.335960842,0.769577781
Q8NPZ2,-0.555510129,0.502456564
Q8NPZ3,-0.387946058,0.650347128
Q8NPZ4,-2.385465125,0.258773919
Q8NPZ7,0.117847326,0.762618446
Q8NPZ8,-0.010403745,0.991843595
Q8NPZ9,0.404289619,0.603590379
Q8NQ01,0.426944581,0.453628409
Q8NQ03,0.076873343,0.887691906
Q8NQ06,1.188407781,0.156129004
Q8NQ07,0.261240073,0.330699041
Q8NQ08,0.010722558,0.992314011
Q8NQ09,1.66114624,0.241980178
Q8NQ12,-0.086216417,0.734493378
Q8NQ13,0.05467987,0.845517146
Q8NQ14,-0.505981292,0.405382612
Q8NQ15,-0.912732736,0.133127155
Q8NQ16,-0.730926916,0.311109918
Q8NQ17,-1.936829781,0.709673896
Q8NQ18,0.938541675,0.21074505
Q8NQ19,0.461385329,0.080604685
Q8NQ20,0.526447117,0.064405651
Q8NQ21,0.077247583,0.883289254
Q8NQ22,0.03863599,0.684377895
Q8NQ23,0.534745816,0.130291628
Q8NQ24,0.371338636,0.456054311
Q8NQ25,-0.340038273,0.495535559
Q8NQ29,1.547621327,0.451606462
Q8NQ32,-0.102351881,0.836647716
Q8NQ33,-0.31702692,0.868938097
Q8NQ35,-0.538254703,0.767372357
Q8NQ36,-0.119630992,0.881881552
Q8NQ37,-0.078221017,0.874429552
Q8NQ38,0.232308428,0.648803474
Q8NQ39,-0.341810437,0.286185356
Q8NQ40,-0.281066031,0.786810935
Q8NQ41,-0.072200612,0.946509119
Q8NQ42,-0.296185077,0.521567728
Q8NQ43,0.580950752,0.338961312
Q8NQ44,-0.469711021,0.443029622
Q8NQ45,-0.490089046,0.650347128
Q8NQ46,0.613215157,0.152901835
Q8NQ47,0.275742813,0.247152208
Q8NQ48,-0.370323953,0.152706946
Q8NQ49,-0.023129073,0.957650839
Q8NQ50,0.215933232,0.775739911
Q8NQ51,0.027490942,0.956682012
Q8NQ52,0.141995821,0.455422502
Q8NQ53,0.365176017,0.400597697
Q8NQ54,-2.143244005,0.330662272
Q8NQ55,-0.694876048,0.612238622
Q8NQ56,0.397999219,0.148851918
Q8NQ57,0.611908838,0.15201903
Q8NQ58,-0.017379262,0.970938556
Q8NQ61,0.025146699,0.931800799
Q8NQ62,0.284065784,0.293058617
Q8NQ63,0.376667834,0.245990599
Q8NQ64,-0.023761863,0.915450702
Q8NQ65,-0.219977129,0.343918704
Q8NQ66,0.166251915,0.765803333
Q8NQ67,0.21762538,0.133127155
Q8NQ70,2.042658736,0.613231666
Q8NQ71,0.460518129,0.912806366
Q8NQ72,0.694966703,0.529514502
Q8NQ74,0.032861386,0.989320232
Q8NQ75,-0.981094129,0.064405651
Q8NQ76,-0.54281642,0.324105127
Q8NQ77,-0.409457186,0.344527348
Q8NQ78,0.420889417,0.133127155
Q8NQ79,1.214454643,0.155574301
Q8NQ80,-1.433059594,0.170306235
Q8NQ81,0.635883779,0.781271842
Q8NQ84,0.228744314,0.210595553
Q8NQ90,-0.17400672,0.835933624
Q8NQ92,-0.725547459,0.681761088
Q8NQ93,0.166592798,0.794877168
Q8NQ94,0.842978685,0.835933624
Q8NQ95,-0.383549154,0.555421464
Q8NQ96,0.90051651,0.349451014
Q8NQ97,0.907515739,0.167298087
Q8NQ98,-0.533302094,0.09053709
Q8NQ99,0.305265498,0.451606462
Q8NQA0,1.249826095,0.087214626
Q8NQA1,-0.572517756,0.264739729
Q8NQA3,-0.34673888,0.555359266
Q8NQA4,0.190311543,0.524866714
Q8NQA5,0.038773797,0.905704651
Q8NQA6,0.548239837,0.32590761
Q8NQA8,0.526355451,0.194043225
Q8NQA9,0.348049947,0.117303629
Q8NQB0,0.014738771,0.956682012
Q8NQB1,-0.011105959,0.98090557
Q8NQB3,0.954534918,0.752938229
Q8NQB5,-0.280996611,0.5288805
Q8NQC0,-0.231790757,0.199206564
Q8NQC1,-0.467361632,0.261419456
Q8NQC2,0.393429303,0.828038442
Q8NQC4,0.348046964,0.12942296
Q8NQC5,-0.138597037,0.637545817
Q8NQC9,1.194606634,0.25339622
Q8NQD0,0.428735812,0.743488706
Q8NQD1,-0.040435368,0.895598511
Q8NQD2,-0.775988809,0.186322552
Q8NQD4,-0.047543649,0.866181236
Q8NQD5,-1.005750617,0.362111862
Q8NQD6,0.144561578,0.780061778
Q8NQD7,0.05749981,0.912806366
Q8NQD8,-0.12303923,0.618816918
Q8NQD9,-0.373870696,0.240546068
Q8NQE0,-2.168323228,0.152706946
Q8NQE1,-0.265562394,0.381763529
Q8NQE2,-0.395127302,0.437339755
Q8NQE3,-0.515004365,0.559384542
Q8NQE4,0.130154658,0.765803333
Q8NQE5,-1.441612017,0.496887353
Q8NQE6,-0.175413419,0.521700537
Q8NQE7,0.011630573,0.983573401
Q8NQE8,0.272287081,0.082982715
Q8NQE9,0.276068915,0.806333233
Q8NQF2,0.074816516,0.771893685
Q8NQF4,0.451460195,0.564252345
Q8NQF5,0.085452472,0.912806366
Q8NQF6,0.214418126,0.856500882
Q8NQF7,0.519291923,0.348262228
Q8NQF8,-0.207599955,0.311059063
Q8NQF9,0.226263607,0.570096251
Q8NQG2,-0.912573704,0.356874568
Q8NQG3,-0.481738256,0.451606462
Q8NQG7,0.063946952,0.92165488
Q8NQG9,-0.072436471,0.965559771
Q8NQH0,-2.117447375,0.026686001
Q8NQH1,-2.662067684,0.030190115
Q8NQH7,1.619028194,0.516348692
Q8NQH8,0.513734225,0.438564636
Q8NQH9,0.052987226,0.868938097
Q8NQI0,-0.282914171,0.379971102
Q8NQI1,-0.259131756,0.245974529
Q8NQI2,0.01752815,0.956682012
Q8NQI4,0.028520925,0.845517146
Q8NQI5,-0.228450478,0.819800052
Q8NQI6,-0.160369695,0.912806366
Q8NQI7,0.783424359,0.102183815
Q8NQI8,0.093102018,0.779425325
Q8NQI9,0.368282945,0.461063458
Q8NQJ0,0.683261784,0.25339622
Q8NQJ1,-0.284612427,0.427917009
Q8NQJ2,-0.731201219,0.541868441
Q8NQJ3,-0.073253565,0.833814661
Q8NQJ4,-0.285763777,0.192605334
Q8NQJ5,-0.049849976,0.968265868
Q8NQJ6,-0.019368523,0.969103668
Q8NQJ9,-0.03896044,0.955936663
Q8NQK3,-0.121848875,0.871069494
Q8NQK5,0.347607263,0.856500882
Q8NQK6,-0.840184899,0.152706946
Q8NQK7,0.363430492,0.614077903
Q8NQK8,0.120884022,0.769577781
Q8NQK9,0.849579292,0.725065263
Q8NQL0,0.105159944,0.82580766
Q8NQL1,0.524028651,0.060342312
Q8NQL3,0.692924781,0.362111862
Q8NQL5,-0.195644108,0.901441576
Q8NQL6,-1.464241507,0.321227071
Q8NQL7,-0.491380726,0.272783037
Q8NQL8,1.108324402,0.124779539
Q8NQL9,1.008644083,0.035952522
Q8NQM1,0.04049894,0.844613112
Q8NQM2,0.254148275,0.370275828
Q8NQM3,-0.957381692,0.272995804
Q8NQM4,-0.569896408,0.701427287
Q8NQM5,-0.142668604,0.901441576
Q8NQM7,-0.402736463,0.555359266
Q8NQM8,0.188403504,0.652389166
Q8NQM9,-0.386517556,0.371768945
Q8NQN0,-0.059048064,0.965756249
Q8NQN1,0.141734324,0.932796718
Q8NQN2,-0.01393168,0.983573401
Q8NQN4,-2.025862257,0.072906216
Q8NQN5,-1.837278201,0.064405651
Q8NQN6,-0.017213019,0.955936663
Q8NQN7,0.036693881,0.82580766
Q8NQN8,0.464377163,0.312592265
Q8NQN9,-0.640299069,0.225444823
Q8NQP0,1.993209016,0.767372357
Q8NQP4,-1.563638134,0.070889803
Q8NQP5,1.052972487,0.734493378
Q8NQP6,0.217742539,0.62329773
Q8NQP7,-0.448407853,0.488499308
Q8NQP8,0.527393062,0.270850452
Q8NQP9,0.391990186,0.761575706
Q8NQQ0,0.648283809,0.091514977
Q8NQQ1,-0.267581776,0.169958827
Q8NQQ2,-0.494318097,0.25339622
Q8NQQ3,0.059650163,0.866181236
Q8NQQ4,-0.690893411,0.194043225
Q8NQQ5,0.052127472,0.912806366
Q8NQQ6,0.371927156,0.616343494
Q8NQQ7,-0.419861527,0.161344237
Q8NQQ9,0.073624267,0.865108717
Q8NQR0,-0.716201545,0.486972082
Q8NQR2,0.130350093,0.682607533
Q8NQR5,-0.081947418,0.875645134
Q8NQR6,1.324504117,0.485608889
Q8NQR8,-0.208716578,0.785318649
Q8NQR9,-0.672723714,0.134090741
Q8NQS1,0.12888553,0.417113142
Q8NQT2,-0.682176472,0.393042344
Q8NQU0,-1.22271529,0.183671477
Q8NQU1,0.227438258,0.514278312
Q8NQU2,6.344749106,0.039616034
Q8NQU3,0.750310389,0.258773919
Q8NQU4,0.644281616,0.190335731
Q8NQU5,0.394373204,0.137095578
Q8NQU6,0.595866758,0.554770458
Q8NQU7,-0.445609551,0.040464692
Q8NQU8,-0.318373691,0.819800052
Q8NQU9,0.435192831,0.455533987
Q8NQV0,0.364256041,0.456054311
Q8NQV1,0.097939495,0.912806366
Q8NQV2,0.165397587,0.382041641
Q8NQV3,-0.081983937,0.628264352
Q8NQV5,0.46760393,0.241980178
Q8NQV7,-0.049135579,0.894875996
Q8NQV8,0.635025632,0.266480382
Q8NQW0,0.468994405,0.370275828
Q8NQW2,-0.985758029,0.152706946
Q8NQW4,-0.598121345,0.070889803
Q8NQW7,-4.710461591,0.034109852
Q8NQW9,0.099048945,0.884446888
Q8NQX6,0.121787338,0.909485106
Q8NQX8,0.327679764,0.672594896
Q8NQX9,0.351634433,0.279057592
Q8NQY0,0.422871799,0.593989244
Q8NQY1,0.159954403,0.681146999
Q8NQY2,-0.07487892,0.788137927
Q8NQY3,0.249933886,0.786216301
Q8NQY4,0.26730159,0.502456564
Q8NQY5,0.754016107,0.140037805
Q8NQY6,0.351713849,0.350898167
Q8NQY7,0.615709154,0.122018882
Q8NQY8,0.26579111,0.206016698
Q8NQY9,-0.098979192,0.746833413
Q8NQZ8,0.817629027,0.084901374
Q8NQZ9,-0.230547629,0.345299938
Q8NR01,0.036486536,0.957650839
Q8NR03,0.054194902,0.726663283
Q8NR04,0.513283168,0.258074538
Q8NR05,-0.083533243,0.632320818
Q8NR07,-0.265005558,0.470496869
Q8NR10,1.578230404,0.096313761
Q8NR14,0.287315748,0.292801056
Q8NR15,-1.082156687,0.183464723
Q8NR16,-0.323714857,0.457122698
Q8NR17,-0.228599649,0.343918704
Q8NR18,-0.65719161,0.305661908
Q8NR19,-0.184155247,0.760750562
Q8NR20,0.23607784,0.527668408
Q8NR21,-0.978217814,0.123121241
Q8NR22,-0.995721471,0.494299271
Q8NR23,0.363399575,0.152706946
Q8NR24,-0.911273345,0.180697602
Q8NR26,1.057571347,0.099963387
Q8NR27,0.813823502,0.753080158
Q8NR28,-0.034635581,0.956682012
Q8NR30,0.874682024,0.383859187
Q8NR32,-0.023429048,0.949549948
Q8NR33,-0.266918264,0.514252078
Q8NR34,-0.115393858,0.506791866
Q8NR35,-0.228358729,0.518149235
Q8NR36,0.475054097,0.453628409
Q8NR37,0.27680301,0.192932852
Q8NR39,-0.038339516,0.779425325
Q8NR40,-0.380955718,0.241980178
Q8NR41,0.065913343,0.965443513
Q8NR45,-0.694356508,0.453628409
Q8NR46,-0.186341041,0.650347128
Q8NR47,0.529014885,0.140068971
Q8NR49,-0.075753162,0.838683197
Q8NR50,0.222099198,0.272783037
Q8NR51,-1.027262116,0.252490453
Q8NR55,0.024778548,0.957650839
Q8NR57,0.152439389,0.245990599
Q8NR58,0.224508404,0.305622501
Q8NR59,-0.004397301,0.985136335
Q8NR60,-0.326008816,0.763167696
Q8NR61,-0.408170033,0.232944716
Q8NR62,-0.078038192,0.950946079
Q8NR66,0.590416396,0.137095578
Q8NR67,-0.131258246,0.899432716
Q8NR68,-0.742837661,0.091364516
Q8NR69,-1.156756361,0.138385078
Q8NR70,0.450183435,0.348756035
Q8NR71,-2.241050008,0.09504079
Q8NR72,0.562964485,0.42893837
Q8NR75,-1.592207281,0.064405651
Q8NR77,-0.687666054,0.746408866
Q8NR78,-1.254805777,0.094892885
Q8NR79,0.260438816,0.393813358
Q8NR82,0.110329479,0.970605474
Q8NR83,-0.226096708,0.434887685
Q8NR86,-0.356513497,0.305622501
Q8NR87,-1.775549021,0.170306235
Q8NR88,-0.260897084,0.723401046
Q8NR89,0.101138308,0.856136649
Q8NR91,0.07594191,0.894875996
Q8NR92,-0.03987793,0.961022459
Q8NR93,0.170328728,0.681761088
Q8NR95,0.352516205,0.475070166
Q8NR96,0.106177165,0.808084768
Q8NR98,1.067091372,0.272995804
Q8NR99,-0.359973921,0.555359266
Q8NRA1,-2.849124819,0.486871108
Q8NRA2,0.476685199,0.141970505
Q8NRA4,-0.654243951,0.512724936
Q8NRA5,1.04992846,0.521700537
Q8NRA8,0.78632709,0.272783037
Q8NRA9,-0.142415957,0.947969727
Q8NRB3,-1.580527907,0.064405651
Q8NRB7,-0.126799381,0.931800799
Q8NRB8,-0.45253334,0.254511142
Q8NRB9,-0.795142331,0.099234053
Q8NRC0,0.486919658,0.207405493
Q8NRC1,0.600384715,0.115659688
Q8NRC2,0.946998883,0.182275168
Q8NRC3,-0.22738868,0.468145822
Q8NRC4,0.586305579,0.675733993
Q8NRC5,0.284543874,0.86722458
Q8NRC6,-0.114108915,0.856500882
Q8NRC7,0.243014054,0.241980178
Q8NRC8,-0.768301362,0.63529396
Q8NRC9,-0.490764123,0.181907094
Q8NRD0,-0.208381724,0.68159896
Q8NRD3,0.685252868,0.033811596
Q8NRD4,0.28997736,0.417984784
Q8NRD5,-0.661183502,0.206107806
Q8NRD6,-0.942088707,0.122018882
Q8NRD7,0.671471226,0.064405651
Q8NRD8,-0.847001381,0.51449623
Q8NRD9,0.260114489,0.741781161
Q8NRE0,-1.546077761,0.270850452
Q8NRE1,0.076789464,0.86722458
Q8NRE2,0.592178779,0.386302635
Q8NRE3,-0.226157386,0.658352081
Q8NRE6,0.120531077,0.674933845
Q8NRE7,0.265843204,0.633973451
Q8NRE9,0.072509465,0.644207965
Q8NRF0,-0.386561609,0.362597385
Q8NRF1,0.25949231,0.51449623
Q8NRF2,-0.246556925,0.7898832
Q8NRF3,0.159822764,0.53462051
Q8NRF5,0.343595757,0.172333795
Q8NRF6,-1.101184452,0.269837565
Q8NRF7,-0.638501122,0.430291414
Q8NRF9,0.124992126,0.248600156
Q8NRG0,-0.095091978,0.818219476
Q8NRG1,0.061303955,0.913169392
Q8NRG3,-0.578016924,0.370275828
Q8NRG4,0.319633333,0.332312729
Q8NRG6,-0.165269617,0.92165488
Q8NRG9,-3.88117059,0.154530132
Q8NRH0,-1.928205878,0.040464692
Q8NRH2,-0.308708129,0.432374599
Q8NRH4,-0.109273143,0.950946079
Q8NRH5,-0.393961069,0.471897765
Q8NRH6,-0.559357624,0.767372357
Q8NRH7,0.879578314,0.173263957
Q8NRH9,-0.548357466,0.286561773
Q8NRI0,-2.171288687,0.031119286
Q8NRI1,-0.780087543,0.141970505
Q8NRI2,-0.797187155,0.133127155
Q8NRI4,-1.834972986,0.600775131
Q8NRI5,-0.223866845,0.468520474
Q8NRI6,-0.215441037,0.529514502
Q8NRI7,0.659589481,0.543456319
Q8NRI8,-0.198333414,0.582258556
Q8NRI9,0.560852515,0.555359266
Q8NRJ0,-0.331787111,0.587445291
Q8NRJ1,-0.449794542,0.24848318
Q8NRJ2,-0.457428614,0.127367037
Q8NRJ7,-1.608922714,0.5288805
Q8NRK1,0.287445788,0.6616708
Q8NRK2,0.388863785,0.345299938
Q8NRK9,0.820420875,0.522776638
Q8NRL0,-0.794872346,0.613231666
Q8NRL4,0.952013512,0.152706946
Q8NRL6,0.134845784,0.555076374
Q8NRL7,-2.905117701,0.186754611
Q8NRL8,1.057729998,0.362111862
Q8NRM0,-1.477896892,0.342328131
Q8NRM1,1.062503223,0.362597385
Q8NRM2,-0.070147847,0.939760296
Q8NRM3,-0.490109006,0.395286817
Q8NRM4,0.00054863,0.999172857
Q8NRM7,-1.685783263,0.372332627
Q8NRM8,-0.311776244,0.736555239
Q8NRN4,0.3910459,0.708876686
Q8NRN8,0.248150894,0.330699041
Q8NRN9,0.458898932,0.688964826
Q8NRP0,0.504028489,0.447066664
Q8NRP4,0.063171727,0.888865583
Q8NRP5,0.008790897,0.989320232
Q8NRP6,-0.983961694,0.705034026
Q8NRP7,-0.469772118,0.746949482
Q8NRP8,1.027222333,0.157055232
Q8NRP9,0.529656599,0.279057592
Q8NRQ0,0.3144815,0.874429552
Q8NRQ1,-0.19676091,0.865108717
Q8NRQ2,0.144998949,0.569427818
Q8NRQ4,0.368682267,0.140068971
Q8NRQ6,0.160793362,0.940326084
Q8NRQ7,0.367035162,0.156129004
Q8NRQ8,0.286631769,0.261035794
Q8NRQ9,-0.623780652,0.347363718
Q8NRR0,-1.442382817,0.543456319
Q8NRR2,-2.056560689,0.141970505
Q8NRR8,0.407178973,0.123121241
Q8NRR9,0.284787544,0.222294322
Q8NRS0,-1.153326326,0.339281355
Q8NRS1,-0.355052568,0.249844647
Q8NRS3,-0.556090316,0.332589861
Q8NRS6,-0.485520771,0.545054311
Q8NRS7,-1.669243784,0.183671477
Q8NRS8,-1.18957806,0.09052986
Q8NRS9,-0.587687771,0.399453034
Q8NRT0,0.668866151,0.478499867
Q8NRT1,-0.336241682,0.5818748
Q8NRT7,0.107502896,0.868938097
Q8NRU2,-1.459035342,0.085057152
Q8NRU5,0.802913819,0.272995804
Q8NRU6,0.028171545,0.905704651
Q8NRU8,-0.114342843,0.44700913
Q8NRU9,0.308662762,0.244210247
Q8NRV0,1.195504366,0.414001867
Q8NRV1,0.588931629,0.560322354
Q8NRV2,-0.280902784,0.515487655
Q8NRV3,0.190816461,0.633973451
Q8NRV4,-0.593564906,0.197214431
Q8NRV5,0.103628989,0.856500882
Q8NRV6,0.229279436,0.401285183
Q8NRW2,-0.000593792,0.999172857
Q8NRW8,0.206912067,0.781694889
Q8NRX0,0.220662809,0.521700537
Q8NRX2,-0.076370165,0.710499244
Q8NRX3,-0.467325588,0.460217899
Q8NRX4,0.358111076,0.113553084
Q8NRX5,0.79355759,0.175023773
Q8NRX6,-0.985382025,0.211796713
Q8NRX7,1.125950223,0.113553084
Q8NRX8,-0.173235378,0.663540927
Q8NRX9,-0.530042294,0.17622614
Q8NRY0,-0.273201,0.833918989
Q8NRY1,0.340859045,0.127367037
Q8NRY3,-1.309191406,0.701427287
Q8NRY5,-0.420125015,0.484786199
Q8NRY8,-0.198964684,0.276308364
Q8NRZ2,1.098013144,0.266108432
Q8NRZ3,-0.210922457,0.504012513
Q8NRZ4,0.159097044,0.223976186
Q8NRZ5,0.213039531,0.541868441
Q8NRZ7,-0.102121473,0.868938097
Q8NRZ9,1.357714626,0.466094918
Q8NS01,-0.895448486,0.393813358
Q8NS02,0.419308796,0.791485497
Q8NS03,0.784136841,0.282447704
Q8NS04,0.659158883,0.064405651
Q8NS05,0.532892687,0.456054311
Q8NS07,1.066003598,0.10628735
Q8NS09,-0.033349409,0.88769241
Q8NS10,-0.225310143,0.174077896
Q8NS11,-0.239449921,0.811746665
Q8NS12,0.158152523,0.762936936
Q8NS13,0.090652633,0.932095893
Q8NS15,0.125891751,0.899517464
Q8NS16,0.151337746,0.545054311
Q8NS17,0.248814928,0.369477194
Q8NS20,-0.353978905,0.70705555
Q8NS21,-0.267837624,0.102183815
Q8NS22,0.813191562,0.347363718
Q8NS24,0.870222297,0.479522961
Q8NS25,-0.252789351,0.477021404
Q8NS26,-0.630871108,0.232944716
Q8NS28,-0.470065553,0.42719441
Q8NS29,0.639178302,0.123121241
Q8NS31,-0.165648668,0.603396724
Q8NS34,0.216236359,0.76527313
Q8NS35,1.447404179,0.246140634
Q8NS36,0.150342676,0.762936936
Q8NS37,0.606607974,0.040464692
Q8NS38,-0.579848367,0.170561877
Q8NS39,-2.037622866,0.156129004
Q8NS41,0.674361897,0.156129004
Q8NS43,0.778506974,0.23212589
Q8NS46,0.374574211,0.180732061
Q8NS47,-0.919357455,0.205015178
Q8NS49,2.003914597,0.131747428
Q8NS50,1.715825226,0.040464692
Q8NS51,0.447220922,0.30307142
Q8NS52,0.290682661,0.330699041
Q8NS53,0.098288184,0.957650839
Q8NS54,0.236038888,0.662678612
Q8NS55,0.158746493,0.868938097
Q8NS56,0.161701593,0.490631
Q8NS57,-0.435195712,0.701427287
Q8NS59,1.675930263,0.05056247
Q8NS61,-0.280371198,0.70705555
Q8NS62,-0.439939481,0.520674508
Q8NS63,-0.845168735,0.191760784
Q8NS64,-1.062244379,0.123121241
Q8NS65,0.022954719,0.967587497
Q8NS66,0.351258858,0.331845961
Q8NS67,1.12210422,0.663540927
Q8NS69,-0.839727235,0.363658703
Q8NS70,0.623434945,0.406553558
Q8NS71,-0.145643491,0.694870799
Q8NS74,-0.38458123,0.779425325
Q8NS75,0.871773142,0.430291414
Q8NS76,0.500543877,0.141970505
Q8NS77,0.745875024,0.056575661
Q8NS78,0.493840357,0.070236424
Q8NS79,-0.097592135,0.840384607
Q8NS80,0.254083123,0.363947188
Q8NS85,-1.545430749,0.098336746
Q8NS88,-0.534338901,0.719111238
Q8NS90,1.738162558,0.55309912
Q8NS92,-1.521279578,0.563549521
Q8NS93,-0.376495913,0.272783037
Q8NS94,-0.13044708,0.736555239
Q8NS95,-0.011188187,0.979236906
Q8NS96,-2.485995639,0.225444823
Q8NS97,-0.234896862,0.437728637
Q8NSA0,-1.104557222,0.263644527
Q8NSA1,-0.708204993,0.271451671
Q8NSA2,-0.012240614,0.973132835
Q8NSA3,-1.1553598,0.039616034
Q8NSA4,-1.49661446,0.127367037
Q8NSA5,0.468049524,0.708876686
Q8NSA7,-0.309545859,0.6532175
Q8NSA8,-0.194396488,0.395286817
Q8NSA9,-2.795200274,0.342329523
Q8NSB2,0.715996252,0.064405651
Q8NSB3,-0.369540798,0.170561877
Q8NSB4,0.071402177,0.870463763
Q8NSB5,0.22635088,0.454024627
Q8NSB6,-0.223328511,0.127886103
Q8NSB7,-0.134807644,0.628264352
Q8NSC0,-0.834683947,0.099415419
Q8NSC1,-0.084132643,0.879423666
Q8NSC2,0.789095389,0.170306235
Q8NSC3,-0.83561652,0.272783037
Q8NSC4,-0.463233489,0.064405651
Q8NSC5,-0.810364381,0.600775131
Q8NSC8,-1.338397687,0.220129713
Q8NSC9,-0.70455625,0.330699041
Q8NSD0,0.248877541,0.152706946
Q8NSD1,-0.284949725,0.753080158
Q8NSD2,0.476364089,0.235833436
Q8NSD4,0.364541691,0.247152208
Q8NSD5,0.302315675,0.634158475
Q8NSD6,0.418359829,0.612276641
Q8NSD7,0.069851447,0.931800799
Q8NSD8,-0.836041227,0.087149576
Q8NSD9,0.081973761,0.792712041
Q8NSE1,-1.33758962,0.25339622
Q8NSE2,-0.510845575,0.154530132
Q8NSE3,-0.311056864,0.555359266
Q8NSE4,-0.781715866,0.156129004
Q8NSE5,-1.534725409,0.087149576
Q8NSE8,-0.002173933,0.979236906
Q8NSE9,-0.204652566,0.514252078
Q8NSF0,0.038689434,0.949549948
Q8NSF4,0.058529918,0.950946079
Q8NSF5,0.060777614,0.913202817
Q8NSF7,-5.412238497,0.066623693
Q8NSG0,0.058407761,0.931800799
Q8NSG1,0.027020071,0.978739446
Q8NSG3,-0.285629676,0.86722458
Q8NSG4,0.050156516,0.788137927
Q8NSG5,1.835310223,0.080604685
Q8NSG6,0.706035471,0.278859964
Q8NSG7,1.702737793,0.025377262
Q8NSG8,0.398794533,0.124779539
Q8NSG9,0.329272948,0.410209224
Q8NSH0,0.771883738,0.400142735
Q8NSH1,0.412745186,0.742995538
Q8NSH2,-0.195434061,0.759221399
Q8NSH3,-0.881460151,0.13945169
Q8NSH6,-0.766199917,0.362597385
Q8NSH7,0.174251156,0.343287194
Q8NSH8,-0.221860704,0.833814661
Q8NSH9,-0.197125434,0.62329773
Q8NSI0,-3.991593398,0.260641402
Q8NSI2,-0.276678714,0.871069494
Q8NSI3,-4.896387427,0.232507478
Q8NSI4,-0.137425258,0.856136649
Q8NSI5,0.676162308,0.305661908
Q8NSI6,-0.220697638,0.362111862
Q8NSI7,1.065769878,0.597618342
Q8NSJ0,0.266424039,0.288402608
Q8NSJ1,1.123553153,0.600775131
Q8NSJ2,0.116421145,0.791485497
Q8NSJ3,-0.041287043,0.912806366
Q8NSJ4,0.185707927,0.714273303
Q8NSJ6,-0.398758117,0.755135394
Q8NSJ7,-1.247545185,0.134651153
Q8NSK0,-0.046968593,0.805691157
Q8NSK1,0.308446862,0.798135006
Q8NSK6,1.021201475,0.131747428
Q8NSK7,0.42192509,0.808481709
Q8NSK8,0.4339456,0.247953629
Q8NSL1,-1.20508784,0.633973451
Q8NSL2,-0.447525062,0.645140344
Q8NSL6,0.268270526,0.53462051
Q8NSL7,-0.610877711,0.86560865
Q8NSL8,0.349678662,0.370783995
Q8NSM0,0.364918137,0.307744299
Q8NSM1,-0.043336172,0.974241253
Q8NSM2,-1.375442726,0.682607533
Q8NSM3,1.969206209,0.270850452
Q8NSM4,-0.714654448,0.170561877
Q8NSM7,-0.061621286,0.761575706
Q8NSM8,-0.194123795,0.856500882
Q8NSM9,0.613105887,0.342328131
Q8NSN1,0.858347745,0.133127155
Q8NSN2,1.081776909,0.152706946
Q8NSN3,1.071351881,0.573854784
Q8NSN5,1.7886883,0.311059063
Q8NSN8,0.023782265,0.979236906
Q8NSN9,-1.763681246,0.301995614
Q8NSP0,-2.942830472,0.030190115
Q8NSP1,-0.894958062,0.42002891
Q8NSP4,-0.922827991,0.335385333
Q8NSP5,0.364943616,0.700851339
Q8NSP9,-0.399507719,0.522776638
Q8NSQ0,1.050733755,0.148007425
Q8NSQ3,0.582875464,0.585101465
Q8NSQ4,0.61539561,0.759975592
Q8NSQ6,0.341212277,0.23371803
Q8NSR0,-0.04660674,0.866181236
Q8NSR1,0.465081716,0.270850452
Q8NSR4,0.065376031,0.87520228
Q8NSR5,0.010663712,0.964237551
Q8NSR7,0.962292214,0.183671477
Q8NSR8,1.221472024,0.273715149
Q8NSS0,-0.253819639,0.25339622
Q8NSS1,-0.082126539,0.745210489
Q8NSS3,-0.393679637,0.529514502
Q8NSS4,-0.194701128,0.543456319
Q8NSS5,-0.612159877,0.272995804
Q8NSS6,-0.483566491,0.422803472
Q8NSS7,0.158051601,0.741781161
Q8NSS8,0.071455064,0.838683197
Q8NSS9,0.098515652,0.5818748
Q8NST0,-0.172569534,0.46991632
Q8NST4,0.577226861,0.12942296
Q8NST5,0.302875547,0.621226065
Q8NST6,0.492966141,0.276105152
Q8NSU4,-0.380854855,0.477345778
Q8NSU5,0.198003153,0.370275828
Q8NSU9,-0.276810575,0.899517464
Q8NSV0,0.19293284,0.80846817
Q8NSV1,0.765588335,0.195941645
Q8NSV2,0.298705272,0.342328131
Q8NSV4,0.176904084,0.261419456
Q8NSV5,0.129047734,0.720182341
Q8NSV6,0.232367007,0.582665825
Q8NSV7,0.237073205,0.833814661
Q8NSV8,-0.929982546,0.062276246
Q8NSV9,0.204779733,0.736555239
Q8NSW1,0.196868418,0.736555239
Q8NSX3,0.191427619,0.25339622
Q8NSX5,0.170448834,0.44700913
Q8NSX6,0.563814934,0.305622501
Q8NSX7,0.357912795,0.488499308
Q8NSX8,0.26802962,0.53462051
Q8NSY0,-1.77465577,0.137505169
Q8NSY1,-0.768518661,0.094892885
Q8NSY3,-0.574355685,0.55309912
Q8NSY5,-1.80498199,0.125604094
Q8NSY6,-0.723207319,0.746408866
Q8NSY8,-4.269049314,0.348756035
Q8NSY9,-0.225023963,0.700753539
Q8NSZ0,-0.110697754,0.438023394
Q8NSZ1,-1.786605056,0.174955817
Q8NSZ2,0.611079202,0.113553084
Q8NSZ3,-0.152373817,0.870047977
Q8NSZ4,0.523708404,0.261328305
Q8NSZ5,1.754536954,0.079479672
Q8NSZ7,0.202829909,0.194043225
Q8NSZ9,0.17566125,0.596590527
Q8NT00,0.403056005,0.506791866
Q8NT01,0.373174806,0.134651153
Q8NT02,0.337587863,0.319990557
Q8NT05,0.475638003,0.173263957
Q8NT06,0.267373155,0.765803333
Q8NT08,0.45528148,0.349451014
Q8NT09,0.464112662,0.241980178
Q8NT15,0.315642555,0.623026362
Q8NT16,0.440796637,0.337870347
Q8NT19,0.111062724,0.468520474
Q8NT20,0.491551991,0.070291844
Q8NT21,0.263736189,0.678307012
Q8NT22,-0.69761381,0.701427287
Q8NT23,0.489270887,0.080604685
Q8NT25,0.225399448,0.458001905
Q8NT26,0.033097787,0.72900299
Q8NT27,0.147593981,0.3295656
Q8NT28,0.352182147,0.278859964
Q8NT29,0.140880812,0.835933624
Q8NT30,-0.058060306,0.952267744
Q8NT31,-1.420685534,0.273021672
Q8NT32,0.265490465,0.674609645
Q8NT36,0.031266592,0.958870882
Q8NT37,-0.034857045,0.870047977
Q8NT38,0.632333059,0.179027913
Q8NT39,0.216075059,0.646859293
Q8NT41,-0.322974685,0.865108717
Q8NT43,-0.555448697,0.44700913
Q8NT44,1.539290147,0.070291844
Q8NT45,0.457352573,0.12549893
Q8NT46,-0.054510169,0.854214494
Q8NT47,0.059075231,0.8780234
Q8NT50,-6.096189224,0.123121241
Q8NT51,-0.066474648,0.868938097
Q8NT53,0.237190384,0.571695891
Q8NT55,0.102277522,0.817811731
Q8NT56,-1.548005114,0.070492478
Q8NT57,-0.674687955,0.427138108
Q8NT58,-0.973442493,0.064405651
Q8NT60,-0.671289065,0.625026982
Q8NT61,0.715779638,0.625936653
Q8NT63,0.581490864,0.342328131
Q8NT64,-0.172069823,0.48209917
Q8NT69,-1.070868292,0.099963387
Q8NT71,-0.504472607,0.534349068
Q8NT72,0.566029115,0.141970505
Q8NT73,0.392149466,0.326177795
Q8NT74,-0.099356994,0.555076374
Q8NT75,-0.048546677,0.833918989
Q8NT76,-0.514328059,0.705519154
Q8NT78,0.179597478,0.813942972
Q8NT79,0.2168253,0.274491854
Q8NT80,-0.477633068,0.286260047
Q8NT81,-0.061724668,0.950946079
Q8NT82,2.375730446,0.566493095
Q8NT85,-2.586422015,0.218989698
Q8NT86,0.102292614,0.950946079
Q8NT88,-0.1271582,0.879021687
Q8NT90,-0.127487188,0.755135394
Q8NT93,-1.527153713,0.137095578
Q8NT97,-0.418819675,0.619558833
Q8NT98,0.943037033,0.152706946
Q8NT99,0.772101177,0.090248477
Q8NTA0,-1.101687256,0.170561877
Q8NTA1,0.765003495,0.344527348
Q8NTA3,0.022281172,0.925102991
Q8NTA4,-0.646181925,0.337527456
Q8NTA5,0.424004401,0.288402608
Q8NTA6,0.490010143,0.342328131
Q8NTA7,0.032961031,0.871261145
Q8NTA9,0.22114376,0.912806366
Q8NTB0,-0.12239954,0.376055614
Q8NTB1,0.665338725,0.331845961
Q8NTB2,-1.341433919,0.761575706
Q8NTB5,0.357816854,0.368971897
Q8NTB6,-0.992846807,0.064405651
Q8NTB7,-0.382972674,0.870463763
Q8NTB8,-0.023427248,0.993280657
Q8NTC1,0.633492172,0.593989244
Q8NTC2,0.775107162,0.200788457
Q8NTC4,-0.415227773,0.463332623
Q8NTC5,0.479037605,0.232944716
Q8NTC6,-1.184367726,0.346899318
Q8NTC7,0.641114354,0.701427287
Q8NTC8,0.413449131,0.127886103
Q8NTD0,-0.417562599,0.156129004
Q8NTD1,0.300339208,0.460217899
Q8NTD2,0.22426749,0.430079672
Q8NTD4,0.432318967,0.611910037
Q8NTD5,-0.194796428,0.791485497
Q8NTD6,0.087777561,0.771904676
Q8NTD7,0.162666751,0.755135394
Q8NTD8,-0.389181798,0.369173892
Q8NTD9,-0.374060527,0.55309912
Q8NTE0,0.297200974,0.170561877
Q8NTE1,-0.071519159,0.741781161
Q8NTE3,0.369628802,0.674933845
Q8NTE4,-0.453435976,0.273691541
Q8NTE5,0.169347122,0.865108717
Q8NTE7,0.323901141,0.420923896
Q8NTF3,-0.210592108,0.638392596
Q8NTF4,-0.713905454,0.575475723
Q8NTF5,0.436709137,0.169958827
Q8NTF6,-0.525631396,0.279057592
Q8NTF7,0.001748046,0.999172857
Q8NTF8,-1.094226463,0.152706946
Q8NTF9,-0.213624615,0.248289253
Q8NTG0,-0.955121107,0.080715222
Q8NTG1,-0.347546821,0.500482464
Q8NTG2,0.161553601,0.85617506
Q8NTG3,-0.022889848,0.931800799
Q8NTG4,-0.818296282,0.331845961
Q8NTG7,-0.512897307,0.084901374
Q8NTG8,-0.30895361,0.273691541
Q8NTH1,0.002051396,0.994186459
Q8NTH2,-0.140851956,0.405382612
Q8NTH3,-0.217381569,0.344527348
Q8NTH4,-0.469658347,0.31632472
Q8NTH5,-0.450269201,0.033811596
Q8NTH6,0.505165496,0.422803472
Q8NTI0,-0.923912008,0.345299938
Q8NTI2,-0.043326578,0.795419288
Q8NTI4,-0.366942506,0.331434502
Q8NTI6,-0.188476622,0.234342826
Q8NTI7,0.230818027,0.555076374
Q8NTI8,0.041688341,0.905704651
Q8NTJ2,-1.625771937,0.438194594
Q8NTJ3,-1.490155744,0.382061956
Q8NTJ5,0.325553648,0.712684853
Q8NTJ6,-1.330158939,0.277803792
Q8NTJ8,-0.152474586,0.527364144
Q8NTJ9,-0.263498072,0.758602345
Q8NTK0,0.570142562,0.342328131
Q8NTK8,0.282703911,0.736555239
Q8NTK9,0.208563175,0.761575706
Q8NTL0,-0.161739477,0.75924086
Q8NTL2,0.341133771,0.501235008
Q8NTL4,0.069695723,0.957650839
Q8NTL6,-0.834732403,0.13945169
Q8NTM1,0.366241549,0.614077903
Q8NTM4,0.177252577,0.73768712
Q8NTM7,-0.180436579,0.817489133
Q8NTM8,0.342051621,0.148632367
Q8NTM9,0.411752162,0.285680201
Q8NTN0,-0.62294932,0.258773919
Q8NTN4,-0.510515169,0.555359266
Q8NTN6,-0.484605813,0.854814147
Q8NTN8,0.282468573,0.652469701
Q8NTP0,0.532778257,0.208070364
Q8NTQ1,-0.050176356,0.663540927
Q8NTQ2,-0.045657252,0.973132835
Q8NTQ5,0.447981094,0.325378153
Q8NTQ6,0.3707388,0.133127155
Q8NTQ7,0.749703101,0.112237321
Q8NTQ8,-0.299919387,0.866181236
Q8NTQ9,-0.368105622,0.555076374
Q8NTR0,-0.86705722,0.25880379
Q8NTR1,-0.572403562,0.270850452
Q8NTR2,0.131127577,0.364572579
Q8NTR5,0.91489945,0.271451671
Q8NTR6,0.109030915,0.856500882
Q8NTR9,-0.554198713,0.418951668
Q8NTS0,0.288036834,0.646369268
Q8NTS1,-0.667270044,0.448965833
Q8NTS3,-0.40965012,0.600775131
Q8NTS4,0.776738001,0.02640725
Q8NTS5,0.491525007,0.169958827
Q8NTS6,0.288404353,0.479095383
Q8NTS7,0.07986449,0.924802617
Q8NTS8,-2.124296145,0.542796103
Q8NTT3,-0.026812818,0.985136335
Q8NTT4,0.202209242,0.55443716
Q8NTT7,-0.916292797,0.170561877
Q8NTT8,-0.968192957,0.625936653
Q8NTU0,-0.214992828,0.863783952
Q8NTU1,-0.198436647,0.600307714
Q8NTU2,-0.349071441,0.793935077
Q8NTU3,-0.951769348,0.141970505
Q8NTU4,-4.965248815,0.183671477
Q8NTU6,0.57594898,0.614718871
Q8NTU7,0.099873612,0.879840829
Q8NTU9,-0.444500305,0.22280103
Q8NTV0,0.013125808,0.981668812
Q8NTV1,-1.094661487,0.477163939
Q8NTV2,-0.221740958,0.475070166
Q8NTV3,0.015995977,0.958870882
Q8NTV4,-0.813376603,0.273021672
Q8NTV5,-0.653311966,0.625026982
Q8NTV8,0.042848909,0.950946079
Q8NTV9,-0.260179472,0.879840829
Q8NTW0,-0.107985281,0.957898995
Q8NTW1,-0.545915248,0.278859964
Q8NTW2,-0.144990269,0.652389166
Q8NTW3,0.028159776,0.939622202
Q8NTW4,1.04878235,0.335162033
Q8NTW5,0.125163986,0.608396779
Q8NTW6,-0.141538252,0.672860327
Q8NTW7,-0.366409005,0.815785271
Q8NTW8,-0.003978154,0.999172857
Q8NTW9,0.007733047,0.98595416
Q8NTX2,-0.630748122,0.769577781
Q8NTX5,0.056354319,0.866181236
Q8NTX7,-1.009002954,0.087988249
Q8NTY3,0.309799841,0.880255086
Q8NTY6,-0.042961653,0.940326084
Q8NTY7,0.651729879,0.122018882
Q8NTY8,-1.120142289,0.608625491
Q8NTY9,0.485596363,0.494299271
Q8NTZ0,-0.00993809,0.987485956
Q8NTZ1,0.660193866,0.25880379
Q8NTZ3,-1.235576847,0.625936653
Q8NTZ4,0.352649682,0.446917861
Q8NTZ5,-0.255933665,0.766672237
Q8NTZ6,-0.138993062,0.925102991
Q8NTZ7,-0.85812876,0.085057152
Q8NTZ8,0.589718516,0.325378153
Q8NU00,0.25402789,0.247953629
Q8NU02,0.033757183,0.973132835
Q8NU03,-0.358606121,0.767372357
Q8NU04,0.41163367,0.343918704
Q8NU07,-0.488520533,0.640655234
Q8NU08,-0.471034423,0.237490012
Q8NU10,-0.885310611,0.764147382
Q8NU11,-0.05374723,0.912806366
Q8NU13,2.028894569,0.148851918
Q8NU15,0.277288522,0.461438302
Q8NU19,0.096183241,0.835658595
Q8NU21,-0.853682148,0.503233977
Q8NU22,3.265648974,0.099188827
Q8NU23,0.236071789,0.722883197
Q8NU24,-0.187206118,0.304400545
Q8NU28,0.617095046,0.077454493
Q8NU29,-0.072111738,0.910831691
Q8NU30,0.398640092,0.169201229
Q8NU31,0.039623497,0.956682012
Q8NU32,-1.186649373,0.454167724
Q8NU33,-0.74993115,0.122018882
Q8NU35,0.688631921,0.096140074
Q8NU36,0.08998454,0.787022987
Q8NU38,-0.925241651,0.02640725
Q8NU39,-0.182077891,0.723401046
Q8NU40,0.062814204,0.871069494
Q8NU41,0.57103949,0.156129004
Q8NU42,-1.336187883,0.194043225
Q8NU45,-0.141176157,0.819800052
Q8NU47,-0.585188719,0.386916138
Q8NU48,-0.48031602,0.212393709
Q8NU52,-0.62172526,0.194043225
Q8NU53,-0.484116578,0.658946801
Q8NU54,-0.555618326,0.636653556
Q8NU56,-0.154638457,0.633480975
Q8NU58,1.428522041,0.025370698
Q8NU60,0.640158863,0.781271842
Q8NU62,-0.257548457,0.50159398
Q8NU64,0.076666625,0.956682012
Q8NU68,-0.036890579,0.909485106
Q8NU69,-0.107020968,0.794496964
Q8NU70,-0.013277497,0.98595416
Q8NU77,0.426158675,0.245990599
Q8NU78,0.028793042,0.984340097
Q8NU83,-0.273759535,0.710499244
Q8NU89,-0.928248525,0.148007425
Q8NU92,0.644094096,0.258773919
Q8NU93,1.065028188,0.051348359
Q8NU94,0.994005948,0.02640725
Q8NU96,0.374384043,0.369173892
Q8NU97,0.74710063,0.365336328
Q8NU98,0.070351937,0.786599593
Q8NU99,0.152413396,0.746408866
Q8NUA5,-0.371918813,0.514252078
Q8NUA6,-0.96780627,0.300319455
Q8NUA7,-0.199409606,0.854214494
Q8NUA8,-0.87036904,0.148851918
Q8NUA9,0.188547904,0.593989244
Q8NUB3,-3.345097971,0.026686001
Q8NUB4,-1.105815715,0.108285951
Q8NUC0,-1.088726209,0.278859964
Q8NUC3,0.395869433,0.386916138
Q8NUC6,0.292677063,0.167298087
Q8NUC9,-0.532507619,0.448965833
Q8NUD0,0.137319796,0.882633583
Q8NUD2,-0.590143751,0.52721637
Q8NUD3,0.331431065,0.372266845
Q8NUD4,-0.339420426,0.740930017
Q8NUD6,0.072637204,0.547730872
Q8NUD8,0.007204364,0.979236906
Q8RSU9,0.227791118,0.788137927
Q93PM7,0.187186864,0.305661908
Q99340,0.718560789,0.468520474
Q9AE09,-0.132042096,0.868938097
Q9AE10,-0.012894379,0.985136335
Q9AE11,-0.268708451,0.827851833
Q9AEL8,-0.438524364,0.866181236
Q9AEM1,-0.379525966,0.170561877
Q9APY3,-0.406071649,0.371768945
Q9ETA7,-1.370932689,0.085057152
Q9K5E4,0.223160885,0.507133667
Q9KJU3,0.331911085,0.490028433
Q9KJU4,0.312390467,0.341956624
Q9LAK5,0.247782204,0.348756035
Q9LAK6,0.383204163,0.647522331
Q9RHM3,-1.347204524,0.529514502
Q9RHM6,-0.270208244,0.600775131
Q9X4N0,-1.020282393,0.56881777
Q9X5C9,-0.027739802,0.874429552
Q9X5D0,1.036561823,0.070291844
Q9X5D1,0.824083432,0.386302635
Q9X5D2,0.138437132,0.406493422
Q9X706,-0.828735848,0.562527802
Q9X712,0.477803252,0.174077896
Q9X713,0.150598465,0.82580766
Q9XD64,0.989009466,0.064405651
Q9XDZ7,0.198431724,0.719821355
Q9Z470,-0.426736075,0.223800276
Q9Z471,0.321276146,0.455643654
Q9Z472,0.719195937,0.128182716
